{
  "events": [
    {
      "timestamp": "2025-09-17T21:50:59.41781Z",
      "event_type": "set_cluster_setting",
      "reporting_id": 1,
      "info": "{\"ApplicationName\":\"$ cockroach sql\",\"EventType\":\"set_cluster_setting\",\"SettingName\":\"cluster.organization\",\"Statement\":\"\\u003chidden\\u003e\",\"Tag\":\"SET CLUSTER SETTING\",\"Timestamp\":1758145859417810000,\"TxnReadTimestamp\":1758145859415893800,\"User\":\"root\",\"Value\":\"\\u003chidden\\u003e\"}",
      "unique_id": "y9QbayA4S4akZ9sEE8O07A=="
    },
    {
      "timestamp": "2025-09-17T21:50:59.415518Z",
      "event_type": "set_cluster_setting",
      "reporting_id": 1,
      "info": "{\"ApplicationName\":\"$ cockroach sql\",\"EventType\":\"set_cluster_setting\",\"SettingName\":\"enterprise.license\",\"Statement\":\"\\u003chidden\\u003e\",\"Tag\":\"SET CLUSTER SETTING\",\"Timestamp\":1758145859415517700,\"TxnReadTimestamp\":1758145859413684700,\"User\":\"root\",\"Value\":\"\\u003chidden\\u003e\"}",
      "unique_id": "dAS8wixvQsCvFeID2Rsl1Q=="
    },
    {
      "timestamp": "2025-09-17T21:50:59.413136Z",
      "event_type": "set_cluster_setting",
      "reporting_id": 1,
      "info": "{\"ApplicationName\":\"$ cockroach sql\",\"DefaultValue\":\"false\",\"EventType\":\"set_cluster_setting\",\"SettingName\":\"debug.panic_on_failed_assertions.enabled\",\"Statement\":\"\\u003chidden\\u003e\",\"Tag\":\"SET CLUSTER SETTING\",\"Timestamp\":1758145859413136400,\"TxnReadTimestamp\":1758145859410786600,\"User\":\"root\",\"Value\":\"\\u003chidden\\u003e\"}",
      "unique_id": "uoemLDOcT/+9EP1yN2ij+w=="
    },
    {
      "timestamp": "2025-09-17T21:50:57.999048Z",
      "event_type": "node_join",
      "reporting_id": 5,
      "info": "{\"EventType\":\"node_join\",\"LastUp\":1758145857981029000,\"NodeID\":5,\"StartedAt\":1758145857981029000,\"Timestamp\":1758145857999047700}",
      "unique_id": "WKgwZ6zQSBOy8URWboZkvg=="
    },
    {
      "timestamp": "2025-09-17T21:50:55.106858Z",
      "event_type": "node_join",
      "reporting_id": 4,
      "info": "{\"EventType\":\"node_join\",\"LastUp\":1758145855087061000,\"NodeID\":4,\"StartedAt\":1758145855087061000,\"Timestamp\":1758145855106858000}",
      "unique_id": "SOwR5VnAT9yLLw0hqYO4UA=="
    },
    {
      "timestamp": "2025-09-17T21:50:52.131035Z",
      "event_type": "node_join",
      "reporting_id": 3,
      "info": "{\"EventType\":\"node_join\",\"LastUp\":1758145852114088700,\"NodeID\":3,\"StartedAt\":1758145852114088700,\"Timestamp\":1758145852131035100}",
      "unique_id": "VFFbuGp/SdGrTzaTsozo7w=="
    },
    {
      "timestamp": "2025-09-17T21:50:49.041205Z",
      "event_type": "node_join",
      "reporting_id": 2,
      "info": "{\"EventType\":\"node_join\",\"LastUp\":1758145849022134800,\"NodeID\":2,\"StartedAt\":1758145849022134800,\"Timestamp\":1758145849041205500}",
      "unique_id": "1WpvkvnxT++JosfAQHpDKA=="
    },
    {
      "timestamp": "2025-09-17T21:50:46.582854Z",
      "event_type": "set_zone_config",
      "reporting_id": 1,
      "info": "{\"ApplicationName\":\"$ internal-set-SQLStatsTables-TTL\",\"DescriptorID\":62,\"EventType\":\"set_zone_config\",\"Options\":[\"\\\"gc.ttlseconds\\\" = 3600\"],\"PlaceholderValues\":[\"3600\"],\"ResolvedOldConfig\":\"range_min_bytes:134217728 range_max_bytes:536870912 gc:\\u003cttl_seconds:14400 \\u003e num_replicas:5 inherited_constraints:false null_voter_constraints_is_empty:true inherited_lease_preferences:false \",\"Statement\":\"\\u003chidden\\u003e\",\"Tag\":\"CONFIGURE ZONE\",\"Target\":\"TABLE system.public.transaction_activity\",\"Timestamp\":1758145846582853600,\"TxnReadTimestamp\":1758145846581479200,\"User\":\"node\"}",
      "unique_id": "TpD+E0BUS2SGOSRrbF7jKg=="
    },
    {
      "timestamp": "2025-09-17T21:50:46.580428Z",
      "event_type": "set_zone_config",
      "reporting_id": 1,
      "info": "{\"ApplicationName\":\"$ internal-set-SQLStatsTables-TTL\",\"DescriptorID\":61,\"EventType\":\"set_zone_config\",\"Options\":[\"\\\"gc.ttlseconds\\\" = 3600\"],\"PlaceholderValues\":[\"3600\"],\"ResolvedOldConfig\":\"range_min_bytes:134217728 range_max_bytes:536870912 gc:\\u003cttl_seconds:14400 \\u003e num_replicas:5 inherited_constraints:false null_voter_constraints_is_empty:true inherited_lease_preferences:false \",\"Statement\":\"\\u003chidden\\u003e\",\"Tag\":\"CONFIGURE ZONE\",\"Target\":\"TABLE system.public.statement_activity\",\"Timestamp\":1758145846580427800,\"TxnReadTimestamp\":1758145846578867200,\"User\":\"node\"}",
      "unique_id": "rSuYcVnrTCi0b92n2NmB9Q=="
    },
    {
      "timestamp": "2025-09-17T21:50:46.577828Z",
      "event_type": "set_zone_config",
      "reporting_id": 1,
      "info": "{\"ApplicationName\":\"$ internal-set-SQLStatsTables-TTL\",\"DescriptorID\":43,\"EventType\":\"set_zone_config\",\"Options\":[\"\\\"gc.ttlseconds\\\" = 3600\"],\"PlaceholderValues\":[\"3600\"],\"ResolvedOldConfig\":\"range_min_bytes:134217728 range_max_bytes:536870912 gc:\\u003cttl_seconds:14400 \\u003e num_replicas:5 inherited_constraints:false null_voter_constraints_is_empty:true inherited_lease_preferences:false \",\"Statement\":\"\\u003chidden\\u003e\",\"Tag\":\"CONFIGURE ZONE\",\"Target\":\"TABLE system.public.transaction_statistics\",\"Timestamp\":1758145846577828400,\"TxnReadTimestamp\":1758145846575341300,\"User\":\"node\"}",
      "unique_id": "IMsgTRaERZan76viMrFsmQ=="
    },
    {
      "timestamp": "2025-09-17T21:50:46.574149Z",
      "event_type": "set_zone_config",
      "reporting_id": 1,
      "info": "{\"ApplicationName\":\"$ internal-set-SQLStatsTables-TTL\",\"DescriptorID\":42,\"EventType\":\"set_zone_config\",\"Options\":[\"\\\"gc.ttlseconds\\\" = 3600\"],\"PlaceholderValues\":[\"3600\"],\"ResolvedOldConfig\":\"range_min_bytes:134217728 range_max_bytes:536870912 gc:\\u003cttl_seconds:14400 \\u003e num_replicas:5 inherited_constraints:false null_voter_constraints_is_empty:true inherited_lease_preferences:false \",\"Statement\":\"\\u003chidden\\u003e\",\"Tag\":\"CONFIGURE ZONE\",\"Target\":\"TABLE system.public.statement_statistics\",\"Timestamp\":1758145846574149400,\"TxnReadTimestamp\":1758145846572129500,\"User\":\"node\"}",
      "unique_id": "Lf/7QXe7T666FQQEIiUnBg=="
    },
    {
      "timestamp": "2025-09-17T21:50:46.552101Z",
      "event_type": "create_database",
      "reporting_id": 1,
      "info": "{\"ApplicationName\":\"$ internal-create-default-DB\",\"DatabaseName\":\"postgres\",\"DescriptorID\":102,\"EventType\":\"create_database\",\"Statement\":\"\\u003chidden\\u003e\",\"Tag\":\"CREATE DATABASE\",\"Timestamp\":1758145846552100600,\"User\":\"node\"}",
      "unique_id": "qor4Gku+TeKVrDeTFha/Zg=="
    },
    {
      "timestamp": "2025-09-17T21:50:46.540469Z",
      "event_type": "create_database",
      "reporting_id": 1,
      "info": "{\"ApplicationName\":\"$ internal-create-default-DB\",\"DatabaseName\":\"defaultdb\",\"DescriptorID\":100,\"EventType\":\"create_database\",\"Statement\":\"\\u003chidden\\u003e\",\"Tag\":\"CREATE DATABASE\",\"Timestamp\":1758145846540469000,\"User\":\"node\"}",
      "unique_id": "Q+Xr79R+ScOFYMjXrHrNvA=="
    },
    {
      "timestamp": "2025-09-17T21:50:46.525495Z",
      "event_type": "set_cluster_setting",
      "reporting_id": 1,
      "info": "{\"ApplicationName\":\"$ internal-optInToDiagnosticsStatReporting\",\"DefaultValue\":\"true\",\"EventType\":\"set_cluster_setting\",\"SettingName\":\"diagnostics.reporting.enabled\",\"Statement\":\"\\u003chidden\\u003e\",\"Tag\":\"SET CLUSTER SETTING\",\"Timestamp\":1758145846525495300,\"TxnReadTimestamp\":1758145846523716600,\"User\":\"node\",\"Value\":\"\\u003chidden\\u003e\"}",
      "unique_id": "5Bh1Ny1uQ0yJ8wkiW1R+pg=="
    },
    {
      "timestamp": "2025-09-17T21:50:46.45299Z",
      "event_type": "set_zone_config",
      "reporting_id": 1,
      "info": "{\"ApplicationName\":\"$ internal-set-SpanStatsTenantBoundariesTable-TTL\",\"DescriptorID\":58,\"EventType\":\"set_zone_config\",\"Options\":[\"\\\"gc.ttlseconds\\\" = 3600\"],\"PlaceholderValues\":[\"3600\"],\"ResolvedOldConfig\":\"range_min_bytes:134217728 range_max_bytes:536870912 gc:\\u003cttl_seconds:14400 \\u003e num_replicas:5 inherited_constraints:false null_voter_constraints_is_empty:true inherited_lease_preferences:false \",\"Statement\":\"\\u003chidden\\u003e\",\"Tag\":\"CONFIGURE ZONE\",\"Target\":\"TABLE system.public.span_stats_tenant_boundaries\",\"Timestamp\":1758145846452989700,\"TxnReadTimestamp\":1758145846451508000,\"User\":\"node\"}",
      "unique_id": "KBELF42QR+KGcXFtHHx9jQ=="
    },
    {
      "timestamp": "2025-09-17T21:50:46.370812Z",
      "event_type": "node_join",
      "reporting_id": 1,
      "info": "{\"EventType\":\"node_join\",\"LastUp\":1758145846342722600,\"NodeID\":1,\"StartedAt\":1758145846342722600,\"Timestamp\":1758145846370812200}",
      "unique_id": "Bwlsl48jT12IdLUcekZEtA=="
    }
  ]
}
