{
  "node_id": 4,
  "address": {
    "network_field": "tcp",
    "address_field": "10.142.0.20:26257"
  },
  "build_info": {
    "go_version": "go1.23.12 X:nocoverageredesign",
    "tag": "v25.4.0-alpha.2-dev-5f5c6a65f739d6b247afec3411ed1284266bd1f7",
    "time": "2025/09/17 06:08:24",
    "revision": "5f5c6a65f739d6b247afec3411ed1284266bd1f7",
    "cgo_compiler": "gcc 6.5.0",
    "cgo_target_triple": "x86_64-pc-linux-gnu",
    "platform": "linux amd64",
    "distribution": "CCL",
    "type": "development",
    "channel": "official-binary",
    "env_channel": "unknown",
    "enabled_assertions": false
  },
  "system_info": {
    "system_info": "Linux david-test-0004 6.5.0-1016-gcp #16~22.04.1-Ubuntu SMP Sat Mar  9 00:58:37 UTC 2024 x86_64 x86_64 x86_64 GNU/Linux",
    "kernel_info": "6.5.0-1016-gcp"
  },
  "sql_address": {
    "network_field": "tcp",
    "address_field": "10.142.0.20:26257"
  }
}
